                  epoch,         train/box_loss,         train/cls_loss,         train/dfl_loss,   metrics/precision(B),      metrics/recall(B),       metrics/mAP50(B),    metrics/mAP50-95(B),           val/box_loss,           val/cls_loss,           val/dfl_loss,                 lr/pg0,                 lr/pg1,                 lr/pg2
                      1,                 2.7554,                 4.7067,                 1.3683,                0.00762,                0.02141,                0.00517,                0.00163,                 2.6498,                 4.9154,                 1.1632,             0.00018004,             0.00018004,             0.00018004
                      2,                 2.5122,                  3.577,                 1.2179,                0.02205,                0.36142,                0.06603,                0.02046,                  2.525,                 4.0808,                 1.1995,             0.00036417,             0.00036417,             0.00036417
                      3,                 2.4815,                  2.878,                 1.1886,                0.48101,                0.14997,                0.14746,                0.04476,                   2.46,                 2.9939,                 1.1728,             0.00054707,             0.00054707,             0.00054707
                      4,                 2.4469,                 2.5752,                  1.184,                0.54008,                0.21471,                0.20585,                0.07489,                 2.3711,                 2.4536,                 1.1744,              0.0005505,              0.0005505,              0.0005505
                      5,                 2.4039,                 2.3745,                 1.1739,                0.43585,                 0.2739,                0.23637,                0.09246,                 2.3935,                 2.4397,                 1.2003,             0.00054866,             0.00054866,             0.00054866
                      6,                 2.3535,                 2.3043,                 1.1711,                0.38775,                0.29455,                0.26161,                0.09284,                 2.3662,                 2.3067,                  1.174,             0.00054683,             0.00054683,             0.00054683
                      7,                 2.3202,                 2.2194,                 1.1494,                0.27069,                0.30733,                0.27813,                 0.1193,                 2.3184,                 2.2806,                  1.168,             0.00054499,             0.00054499,             0.00054499
                      8,                 2.2858,                 2.1508,                 1.1383,                0.33805,                0.36618,                0.30015,                0.11736,                 2.2993,                 2.2609,                  1.157,             0.00054316,             0.00054316,             0.00054316
                      9,                  2.272,                 2.1179,                 1.1344,                0.39552,                0.31598,                0.31271,                0.13341,                 2.2685,                  2.258,                 1.1318,             0.00054132,             0.00054132,             0.00054132
                     10,                 2.2305,                 2.0356,                 1.1307,                0.36829,                0.32562,                0.32018,                0.13711,                 2.2108,                 2.1939,                 1.1287,             0.00053949,             0.00053949,             0.00053949
                     11,                 2.2231,                 1.9859,                 1.1258,                0.45704,                 0.3894,                0.33206,                0.15483,                 2.2468,                 2.2314,                 1.1519,             0.00053765,             0.00053765,             0.00053765
                     12,                 2.2184,                 2.0012,                 1.1258,                0.46056,                0.35494,                0.32524,                0.13611,                 2.2368,                 2.1276,                 1.1715,             0.00053582,             0.00053582,             0.00053582
                     13,                  2.209,                 1.9711,                 1.1282,                0.38888,                0.41243,                0.30785,                0.12367,                 2.2794,                 2.0974,                 1.1675,             0.00053398,             0.00053398,             0.00053398
                     14,                 2.2216,                 1.9813,                 1.1287,                0.32328,                0.38121,                0.32292,                0.14148,                 2.2281,                 2.1387,                 1.1508,             0.00053215,             0.00053215,             0.00053215
                     15,                 2.1697,                 1.9111,                 1.1256,                0.48031,                0.36876,                0.35404,                0.16262,                 2.2481,                 2.1316,                 1.1523,             0.00053031,             0.00053031,             0.00053031
                     16,                 2.1879,                 1.9126,                   1.12,                0.45308,                0.40947,                0.39032,                0.17981,                  2.224,                 2.1008,                 1.1321,             0.00052848,             0.00052848,             0.00052848
                     17,                 2.1783,                 1.8955,                 1.1144,                0.49557,                0.44674,                0.38641,                0.17877,                 2.2482,                 2.0605,                 1.1696,             0.00052664,             0.00052664,             0.00052664
                     18,                 2.1598,                 1.8084,                 1.1044,                0.50848,                0.36137,                0.38143,                0.17203,                  2.239,                 2.1581,                  1.165,             0.00052481,             0.00052481,             0.00052481
                     19,                 2.1424,                 1.8229,                  1.121,                0.47571,                0.42721,                0.35054,                0.14969,                 2.2088,                 2.1829,                 1.1484,             0.00052297,             0.00052297,             0.00052297
                     20,                 2.1567,                 1.8561,                 1.0947,                0.42927,                0.41094,                 0.3707,                0.16803,                 2.2454,                 2.1946,                  1.167,             0.00052114,             0.00052114,             0.00052114
                     21,                 2.1689,                 1.8287,                 1.1068,                0.46124,                0.36804,                0.35686,                0.15884,                 2.2202,                 2.0627,                 1.1492,              0.0005193,              0.0005193,              0.0005193
                     22,                 2.1428,                 1.7541,                 1.1024,                0.43858,                0.40765,                 0.3866,                0.16591,                  2.154,                 2.0437,                 1.1324,             0.00051747,             0.00051747,             0.00051747
                     23,                 2.1626,                 1.7757,                 1.1023,                0.44152,                 0.4375,                 0.4306,                0.19942,                 2.1916,                 1.9188,                 1.1503,             0.00051563,             0.00051563,             0.00051563
                     24,                 2.1331,                 1.7494,                  1.101,                0.53873,                 0.4272,                0.41869,                0.19148,                 2.2354,                 2.0667,                 1.1752,              0.0005138,              0.0005138,              0.0005138
                     25,                 2.1191,                 1.7217,                  1.101,                0.36606,                0.42229,                0.40052,                0.18838,                 2.1956,                 1.8924,                 1.1689,             0.00051196,             0.00051196,             0.00051196
                     26,                 2.1209,                 1.7495,                 1.0975,                0.48498,                0.42356,                0.43751,                0.18594,                 2.1723,                 1.8312,                 1.1469,             0.00051013,             0.00051013,             0.00051013
                     27,                 2.1037,                 1.6983,                 1.1016,                0.38737,                0.47188,                0.41983,                0.18446,                 2.1931,                 1.9632,                 1.1342,              0.0005083,              0.0005083,              0.0005083
                     28,                 2.1136,                 1.7045,                 1.1051,                0.39775,                0.49349,                0.43862,                0.18299,                 2.2064,                 1.9319,                 1.1658,             0.00050646,             0.00050646,             0.00050646
                     29,                 2.1183,                 1.6845,                 1.0883,                 0.5822,                0.37375,                0.40196,                0.18621,                 2.2212,                 1.8819,                   1.17,             0.00050463,             0.00050463,             0.00050463
                     30,                 2.0942,                 1.6898,                 1.0908,                0.43187,                0.44107,                0.43372,                0.19872,                 2.1713,                 1.8169,                 1.1379,             0.00050279,             0.00050279,             0.00050279
                     31,                 2.1331,                 1.6489,                 1.1001,                0.55669,                0.31467,                0.43137,                0.18427,                 2.3234,                 2.0479,                 1.1874,             0.00050096,             0.00050096,             0.00050096
                     32,                 2.0955,                 1.6678,                 1.0742,                0.34886,                0.52107,                0.44548,                0.21238,                 2.1891,                 1.9238,                 1.1514,             0.00049912,             0.00049912,             0.00049912
                     33,                 2.0644,                  1.654,                 1.0906,                0.41682,                0.46428,                0.42609,                0.19409,                 2.2146,                 2.0341,                 1.1658,             0.00049729,             0.00049729,             0.00049729
                     34,                 2.0862,                 1.6227,                 1.0935,                 0.4849,                0.43881,                0.43793,                  0.197,                 2.1831,                 1.7861,                 1.1638,             0.00049545,             0.00049545,             0.00049545
                     35,                 2.0871,                 1.6078,                 1.0845,                0.45749,                0.49453,                0.41499,                0.18609,                 2.1902,                 1.8691,                 1.1434,             0.00049362,             0.00049362,             0.00049362
                     36,                 2.0581,                 1.6104,                 1.0685,                0.43492,                0.44084,                0.40607,                 0.1912,                 2.1896,                 1.8485,                 1.1563,             0.00049178,             0.00049178,             0.00049178
                     37,                 2.0614,                 1.5735,                 1.0874,                0.49747,                0.48172,                 0.4677,                 0.2266,                 2.2144,                 1.9415,                 1.1577,             0.00048995,             0.00048995,             0.00048995
                     38,                 2.0497,                 1.5558,                  1.081,                0.59048,                0.43348,                0.45817,                0.21984,                 2.1613,                 1.8784,                 1.1452,             0.00048811,             0.00048811,             0.00048811
                     39,                 2.0556,                 1.5715,                 1.0812,                0.39739,                0.48265,                0.47573,                0.21665,                 2.1549,                 1.8276,                 1.1316,             0.00048628,             0.00048628,             0.00048628
                     40,                 2.0463,                 1.5285,                 1.0787,                0.47159,                0.49982,                0.46099,                0.21394,                 2.1931,                 1.8191,                 1.1467,             0.00048444,             0.00048444,             0.00048444
                     41,                 2.0572,                 1.5477,                 1.0831,                0.48734,                0.51791,                0.46821,                0.21721,                 2.1889,                 1.7641,                 1.1536,             0.00048261,             0.00048261,             0.00048261
                     42,                 2.0388,                 1.5111,                 1.0819,                0.36884,                0.53515,                0.47434,                   0.23,                 2.2326,                 1.8462,                 1.1836,             0.00048077,             0.00048077,             0.00048077
                     43,                  2.023,                 1.5183,                 1.0692,                0.58006,                0.39733,                0.41508,                0.20227,                 2.2258,                  1.971,                 1.1775,             0.00047894,             0.00047894,             0.00047894
                     44,                 2.0473,                 1.5083,                 1.0623,                0.56864,                0.40704,                0.45085,                0.21686,                 2.2279,                 1.9272,                 1.1569,              0.0004771,              0.0004771,              0.0004771
                     45,                 2.0274,                 1.5166,                 1.0768,                0.57067,                0.43455,                0.42985,                0.19852,                 2.2587,                 1.8578,                 1.1612,             0.00047527,             0.00047527,             0.00047527
                     46,                   2.03,                 1.5039,                 1.0727,                0.64676,                0.39331,                 0.4421,                0.20484,                 2.2143,                 1.8277,                 1.1657,             0.00047343,             0.00047343,             0.00047343
                     47,                 2.0078,                 1.4755,                 1.0647,                0.46755,                0.49665,                0.45601,                0.21555,                 2.1668,                 1.7799,                 1.1529,              0.0004716,              0.0004716,              0.0004716
                     48,                 2.0034,                 1.4452,                 1.0597,                0.49762,                0.47689,                0.47508,                0.22706,                 2.1663,                 1.7352,                 1.1493,             0.00046976,             0.00046976,             0.00046976
                     49,                 2.0081,                 1.4703,                 1.0729,                0.45815,                0.51809,                0.44392,                 0.2175,                 2.1533,                 1.7582,                 1.1347,             0.00046793,             0.00046793,             0.00046793
                     50,                 1.9942,                 1.4458,                 1.0626,                0.59586,                0.43951,                0.44562,                0.22427,                 2.2056,                 1.8772,                 1.1594,             0.00046609,             0.00046609,             0.00046609
                     51,                 2.0278,                 1.4517,                 1.0649,                  0.427,                0.51083,                0.45887,                0.21951,                 2.1709,                 1.7702,                 1.1403,             0.00046426,             0.00046426,             0.00046426
                     52,                 2.0021,                  1.449,                 1.0639,                0.58079,                0.43604,                0.45048,                0.20926,                 2.2207,                 1.7317,                 1.1639,             0.00046243,             0.00046243,             0.00046243
                     53,                 2.0082,                 1.4284,                 1.0707,                0.46409,                0.51638,                0.48877,                0.22499,                 2.1817,                 1.7982,                 1.1494,             0.00046059,             0.00046059,             0.00046059
                     54,                 2.0114,                   1.43,                 1.0661,                0.44472,                0.53414,                0.47345,                0.22039,                 2.2859,                 1.8758,                 1.1751,             0.00045876,             0.00045876,             0.00045876
                     55,                 1.9881,                  1.404,                 1.0578,                0.54061,                0.43359,                0.44813,                0.20993,                 2.2495,                 1.8539,                 1.1731,             0.00045692,             0.00045692,             0.00045692
                     56,                 1.9826,                 1.3997,                 1.0568,                0.60548,                0.46764,                0.51451,                 0.2336,                   2.21,                 1.7975,                 1.1559,             0.00045509,             0.00045509,             0.00045509
                     57,                 1.9727,                 1.4047,                 1.0573,                 0.4922,                0.45573,                0.45113,                0.21279,                 2.2535,                 1.8409,                 1.1783,             0.00045325,             0.00045325,             0.00045325
                     58,                 1.9548,                  1.365,                 1.0499,                0.46996,                0.46553,                0.47157,                0.23052,                 2.1612,                 1.7457,                 1.1483,             0.00045142,             0.00045142,             0.00045142
                     59,                 1.9692,                 1.4025,                 1.0495,                0.47534,                0.51876,                0.48547,                0.22962,                 2.1447,                  1.686,                 1.1312,             0.00044958,             0.00044958,             0.00044958
                     60,                  1.959,                 1.3919,                 1.0471,                0.61078,                0.45917,                0.47303,                0.21548,                 2.1883,                 1.6946,                  1.157,             0.00044775,             0.00044775,             0.00044775
                     61,                 1.9657,                 1.3703,                 1.0615,                0.51303,                0.46464,                0.47062,                0.22458,                 2.1692,                 1.7791,                 1.1628,             0.00044591,             0.00044591,             0.00044591
                     62,                 1.9329,                 1.3576,                 1.0503,                0.63745,                0.43295,                0.47233,                0.20953,                 2.2502,                 1.8233,                 1.1841,             0.00044408,             0.00044408,             0.00044408
                     63,                  1.969,                  1.378,                 1.0463,                0.54914,                0.48102,                0.44939,                0.22579,                 2.2159,                 1.7631,                 1.1618,             0.00044224,             0.00044224,             0.00044224
                     64,                 1.9755,                 1.3529,                  1.054,                0.47283,                0.49807,                0.48135,                0.22249,                 2.2097,                 1.7385,                 1.1733,             0.00044041,             0.00044041,             0.00044041
                     65,                 1.9722,                   1.36,                 1.0452,                0.59517,                0.48222,                0.47962,                0.21923,                 2.2789,                 1.7208,                 1.1921,             0.00043857,             0.00043857,             0.00043857
                     66,                 1.9511,                 1.3513,                 1.0492,                0.49745,                0.46172,                0.47436,                0.23401,                 2.1971,                 1.7329,                 1.1584,             0.00043674,             0.00043674,             0.00043674
                     67,                  1.944,                 1.3617,                  1.055,                0.59334,                0.46024,                0.46334,                 0.2267,                 2.2668,                  1.809,                 1.1939,              0.0004349,              0.0004349,              0.0004349
                     68,                 1.9149,                 1.3205,                 1.0435,                0.62026,                0.48022,                0.47863,                 0.2391,                 2.2427,                 1.7116,                  1.178,             0.00043307,             0.00043307,             0.00043307
                     69,                 1.9498,                 1.3292,                 1.0411,                0.50888,                0.49597,                0.45708,                0.22173,                 2.2372,                 1.7766,                 1.1904,             0.00043123,             0.00043123,             0.00043123
                     70,                 1.9529,                 1.3329,                 1.0451,                0.50459,                0.45107,                0.46302,                0.23421,                 2.2159,                 1.8517,                 1.1702,              0.0004294,              0.0004294,              0.0004294
                     71,                 1.9404,                  1.304,                 1.0526,                0.51917,                0.47253,                0.46526,                0.23842,                 2.2445,                 1.7926,                 1.1793,             0.00042756,             0.00042756,             0.00042756
                     72,                 1.9183,                 1.3088,                 1.0456,                0.58984,                0.46479,                0.47205,                0.23664,                 2.2298,                 1.7933,                 1.1849,             0.00042573,             0.00042573,             0.00042573
                     73,                 1.9352,                 1.3207,                 1.0321,                0.59863,                 0.4821,                0.47676,                0.22263,                 2.2141,                 1.8664,                 1.1642,             0.00042389,             0.00042389,             0.00042389
                     74,                 1.9361,                 1.3001,                 1.0428,                0.58847,                 0.4711,                0.46306,                0.22103,                 2.2591,                 1.7322,                 1.1819,             0.00042206,             0.00042206,             0.00042206
                     75,                 1.9247,                 1.3073,                 1.0402,                 0.4577,                0.48875,                0.46121,                0.23028,                 2.2538,                 1.7391,                 1.1897,             0.00042022,             0.00042022,             0.00042022
                     76,                 1.9094,                 1.2979,                 1.0369,                0.52724,                0.47246,                0.48027,                0.22326,                 2.2732,                 1.7595,                 1.1838,             0.00041839,             0.00041839,             0.00041839
                     77,                 1.9012,                 1.2892,                 1.0337,                0.43329,                0.47054,                0.45291,                0.22794,                 2.2748,                 1.7298,                 1.1715,             0.00041656,             0.00041656,             0.00041656
                     78,                 1.8919,                 1.2539,                 1.0303,                0.58844,                0.45557,                0.46258,                0.23527,                  2.204,                 1.6617,                 1.1616,             0.00041472,             0.00041472,             0.00041472
                     79,                 1.8857,                 1.2718,                 1.0157,                0.60917,                0.46935,                 0.4787,                0.23595,                 2.2351,                 1.7436,                 1.1758,             0.00041289,             0.00041289,             0.00041289
                     80,                  1.912,                 1.2713,                 1.0374,                0.58082,                0.48053,                0.46747,                0.22768,                 2.2305,                 1.7649,                 1.1806,             0.00041105,             0.00041105,             0.00041105
                     81,                 1.8843,                 1.2596,                 1.0373,                 0.4824,                0.45409,                0.44563,                0.21142,                  2.299,                 1.8845,                 1.1977,             0.00040922,             0.00040922,             0.00040922
                     82,                 1.8759,                 1.2645,                 1.0368,                0.52212,                  0.513,                0.49941,                0.24578,                 2.2204,                 1.6332,                 1.1694,             0.00040738,             0.00040738,             0.00040738
                     83,                 1.8987,                 1.2463,                 1.0295,                0.43971,                0.49336,                 0.4516,                0.21764,                 2.2858,                 1.7542,                 1.1904,             0.00040555,             0.00040555,             0.00040555
                     84,                 1.8944,                 1.2698,                 1.0247,                0.59807,                0.46258,                0.47149,                 0.2316,                 2.2278,                 1.7178,                 1.1748,             0.00040371,             0.00040371,             0.00040371
                     85,                 1.8717,                 1.2349,                 1.0294,                0.62139,                0.45192,                0.47234,                0.24679,                 2.2255,                   1.77,                 1.1736,             0.00040188,             0.00040188,             0.00040188
                     86,                 1.8708,                  1.222,                   1.02,                0.64752,                0.43243,                0.45262,                0.21727,                 2.2732,                 1.8149,                 1.1804,             0.00040004,             0.00040004,             0.00040004
                     87,                 1.8902,                 1.2279,                 1.0212,                0.55804,                0.43899,                0.46213,                0.22957,                 2.2316,                  1.764,                  1.174,             0.00039821,             0.00039821,             0.00039821
                     88,                  1.842,                 1.2293,                 1.0255,                0.43479,                0.46036,                0.43416,                0.21098,                 2.2895,                 1.7481,                 1.1834,             0.00039637,             0.00039637,             0.00039637
                     89,                 1.8879,                 1.2217,                 1.0242,                0.53386,                0.48456,                 0.4835,                0.24178,                 2.2749,                  1.729,                 1.1981,             0.00039454,             0.00039454,             0.00039454
                     90,                  1.863,                 1.2075,                   1.02,                0.67523,                0.46877,                0.48851,                0.23254,                 2.2729,                 1.7812,                 1.2077,              0.0003927,              0.0003927,              0.0003927
                     91,                 1.8479,                 1.2079,                 1.0261,                 0.5255,                0.54724,                0.51858,                0.23581,                 2.2642,                 1.6843,                 1.1832,             0.00039087,             0.00039087,             0.00039087
                     92,                 1.8459,                 1.1899,                  1.016,                0.56599,                0.48401,                0.47742,                0.23695,                 2.2186,                 1.7446,                  1.183,             0.00038903,             0.00038903,             0.00038903
                     93,                 1.8784,                 1.1962,                 1.0242,                0.63676,                0.45676,                0.47784,                0.23372,                 2.2389,                 1.6833,                  1.184,              0.0003872,              0.0003872,              0.0003872
                     94,                 1.8421,                 1.1774,                 1.0048,                  0.592,                0.47201,                0.47477,                0.22713,                 2.3306,                 1.8062,                 1.2067,             0.00038536,             0.00038536,             0.00038536
                     95,                 1.8222,                 1.1695,                 1.0146,                0.56854,                0.47086,                0.47202,                0.23375,                 2.2651,                 1.7142,                 1.1856,             0.00038353,             0.00038353,             0.00038353
                     96,                 1.8334,                 1.1617,                 1.0183,                0.48816,                0.49178,                0.47481,                 0.2331,                 2.2085,                 1.7075,                 1.1598,             0.00038169,             0.00038169,             0.00038169
                     97,                 1.8407,                  1.166,                 1.0181,                0.62666,                0.47008,                0.47796,                0.24985,                  2.221,                 1.6703,                 1.1951,             0.00037986,             0.00037986,             0.00037986
                     98,                 1.8393,                 1.1728,                 1.0055,                  0.594,                0.47953,                0.47504,                0.22571,                 2.2738,                 1.7173,                 1.1987,             0.00037802,             0.00037802,             0.00037802
                     99,                 1.8744,                 1.1747,                 1.0196,                0.53793,                0.49774,                0.47314,                0.22592,                 2.2247,                 1.6444,                 1.1762,             0.00037619,             0.00037619,             0.00037619
                    100,                 1.8266,                 1.1704,                 1.0078,                0.62094,                0.45926,                0.48463,                0.23494,                   2.25,                 1.7335,                 1.1827,             0.00037435,             0.00037435,             0.00037435
                    101,                 1.8058,                 1.1557,                 1.0115,                0.58821,                0.47438,                0.48628,                0.23851,                 2.2603,                 1.7097,                 1.1936,             0.00037252,             0.00037252,             0.00037252
                    102,                 1.8217,                 1.1512,                 1.0035,                0.58058,                0.49531,                0.47468,                0.24219,                 2.2504,                 1.6108,                 1.1952,             0.00037069,             0.00037069,             0.00037069
                    103,                 1.8135,                  1.152,                 1.0188,                 0.5441,                0.52719,                0.50542,                0.23891,                 2.2662,                 1.7619,                  1.192,             0.00036885,             0.00036885,             0.00036885
                    104,                 1.8358,                 1.1785,                 1.0172,                0.61292,                0.46826,                0.49119,                0.24738,                 2.2613,                 1.6872,                 1.2006,             0.00036702,             0.00036702,             0.00036702
                    105,                 1.8018,                 1.1353,                 1.0083,                0.56019,                0.50219,                0.48926,                0.23267,                  2.322,                 1.7086,                 1.2282,             0.00036518,             0.00036518,             0.00036518
                    106,                 1.7943,                 1.1401,                 1.0028,                0.60885,                0.49023,                0.49452,                0.25562,                 2.2668,                 1.7011,                 1.1877,             0.00036335,             0.00036335,             0.00036335
                    107,                 1.8097,                 1.1547,                 1.0119,                 0.5201,                0.53088,                0.49057,                0.24953,                 2.2587,                  1.647,                 1.1903,             0.00036151,             0.00036151,             0.00036151
                    108,                 1.7861,                 1.1129,                 1.0036,                0.62475,                0.44311,                0.48386,                0.24066,                 2.2767,                 1.6649,                 1.2034,             0.00035968,             0.00035968,             0.00035968
                    109,                 1.7951,                 1.1293,                 1.0144,                0.51326,                 0.4645,                0.47083,                0.23996,                 2.3202,                 1.7014,                 1.2295,             0.00035784,             0.00035784,             0.00035784
                    110,                 1.8048,                 1.1209,                 1.0059,                0.63597,                0.47374,                0.49875,                0.23742,                 2.3227,                 1.6853,                 1.2222,             0.00035601,             0.00035601,             0.00035601
                    111,                 1.7982,                 1.1386,                 1.0051,                0.58449,                0.46376,                0.48657,                0.24996,                 2.2608,                 1.6414,                 1.1921,             0.00035417,             0.00035417,             0.00035417
                    112,                 1.7785,                 1.1037,                 1.0018,                0.58078,                0.50401,                 0.4833,                0.24286,                 2.2761,                 1.7081,                 1.1961,             0.00035234,             0.00035234,             0.00035234
                    113,                 1.7724,                 1.0879,                0.99848,                0.57552,                0.52079,                0.50957,                0.24087,                 2.2835,                 1.6286,                 1.2067,              0.0003505,              0.0003505,              0.0003505
                    114,                 1.8075,                 1.1145,                0.99888,                0.55541,                0.45027,                0.48055,                0.23495,                 2.3035,                 1.7274,                 1.2142,             0.00034867,             0.00034867,             0.00034867
                    115,                  1.787,                 1.0937,                0.99512,                0.63978,                0.46015,                0.47885,                0.24917,                 2.3255,                 1.6887,                  1.224,             0.00034683,             0.00034683,             0.00034683
                    116,                 1.7556,                 1.0772,                 0.9988,                0.49847,                0.48467,                 0.4709,                0.23612,                 2.3575,                 1.7287,                 1.2142,               0.000345,               0.000345,               0.000345
                    117,                 1.7496,                 1.0859,                0.98906,                0.58164,                0.44573,                 0.4807,                0.23557,                 2.3346,                 1.7236,                 1.2156,             0.00034316,             0.00034316,             0.00034316
                    118,                 1.7416,                 1.0647,                0.98982,                0.51284,                0.47239,                0.47515,                0.23439,                 2.3202,                  1.662,                 1.2183,             0.00034133,             0.00034133,             0.00034133
                    119,                 1.7707,                 1.0793,                0.99193,                0.61105,                0.48696,                0.46726,                0.23182,                 2.3234,                 1.7293,                 1.2403,             0.00033949,             0.00033949,             0.00033949
                    120,                 1.7562,                 1.0811,                0.99512,                0.65208,                0.43378,                0.44999,                0.22637,                 2.3109,                 1.8534,                 1.2211,             0.00033766,             0.00033766,             0.00033766
                    121,                 1.7455,                 1.0705,                   1.01,                0.64105,                0.44815,                  0.471,                0.24043,                 2.2827,                 1.7405,                 1.1887,             0.00033582,             0.00033582,             0.00033582
                    122,                 1.7459,                 1.0971,                0.99217,                0.50997,                0.48733,                  0.502,                 0.2454,                 2.2796,                  1.662,                 1.2024,             0.00033399,             0.00033399,             0.00033399
                    123,                 1.7363,                 1.0635,                0.98086,                0.62975,                 0.5134,                0.49635,                 0.2384,                 2.2703,                 1.7193,                  1.197,             0.00033215,             0.00033215,             0.00033215
                    124,                  1.731,                 1.0481,                 0.9882,                0.65123,                0.49822,                0.49194,                0.24264,                 2.3333,                 1.7562,                 1.2287,             0.00033032,             0.00033032,             0.00033032
                    125,                 1.7448,                 1.0659,                0.98578,                 0.5102,                0.47617,                0.48401,                0.24418,                 2.3319,                 1.8174,                  1.217,             0.00032848,             0.00032848,             0.00032848
                    126,                 1.7137,                 1.0473,                0.98544,                0.62042,                0.50004,                0.52065,                0.24827,                 2.3148,                 1.6978,                 1.2228,             0.00032665,             0.00032665,             0.00032665
                    127,                 1.7152,                 1.0371,                0.97954,                0.49625,                0.49386,                0.48554,                0.23472,                 2.3288,                 1.7173,                 1.2258,             0.00032482,             0.00032482,             0.00032482
                    128,                 1.7475,                 1.0716,                0.98346,                0.57597,                0.48958,                0.48045,                0.24071,                 2.3754,                 1.7059,                 1.2648,             0.00032298,             0.00032298,             0.00032298
                    129,                 1.7059,                 1.0336,                0.98002,                0.58463,                0.48982,                0.47083,                0.22829,                 2.3471,                 1.6906,                 1.2451,             0.00032115,             0.00032115,             0.00032115
                    130,                 1.7257,                 1.0408,                0.98927,                0.58379,                0.46384,                 0.4931,                0.22898,                 2.3887,                 1.6714,                 1.2458,             0.00031931,             0.00031931,             0.00031931
                    131,                 1.7239,                 1.0246,                0.98243,                0.57455,                0.53306,                  0.524,                0.23825,                 2.3462,                 1.7421,                 1.2333,             0.00031748,             0.00031748,             0.00031748
                    132,                 1.7316,                 1.0402,                0.98712,                0.52872,                0.53894,                0.52766,                 0.2436,                 2.3958,                  1.741,                 1.2467,             0.00031564,             0.00031564,             0.00031564
                    133,                 1.7216,                 1.0426,                0.97999,                0.51847,                0.53429,                0.51398,                0.24257,                 2.3613,                 1.8123,                 1.2228,             0.00031381,             0.00031381,             0.00031381
                    134,                 1.6935,                 1.0156,                0.98235,                0.62314,                0.47855,                0.48317,                 0.2448,                 2.3205,                  1.743,                 1.2257,             0.00031197,             0.00031197,             0.00031197
                    135,                 1.7134,                 1.0231,                0.98807,                0.58372,                0.49383,                0.49663,                0.24743,                 2.3177,                 1.7104,                 1.2136,             0.00031014,             0.00031014,             0.00031014
                    136,                 1.6958,                  1.024,                0.97628,                0.54675,                0.53396,                0.50659,                0.24726,                 2.3402,                 1.6685,                 1.2517,              0.0003083,              0.0003083,              0.0003083
                    137,                 1.6902,                 1.0058,                 0.9765,                0.63688,                0.48715,                0.48404,                0.24323,                  2.323,                  1.668,                 1.2296,             0.00030647,             0.00030647,             0.00030647
                    138,                 1.7067,                 1.0351,                0.97413,                0.49034,                0.49819,                0.48961,                0.24624,                 2.2928,                 1.7469,                 1.2213,             0.00030463,             0.00030463,             0.00030463
                    139,                 1.6937,                 1.0198,                0.97131,                0.61003,                  0.487,                0.51339,                0.25496,                 2.3055,                 1.6347,                 1.2097,              0.0003028,              0.0003028,              0.0003028
                    140,                 1.7037,                  1.021,                 0.9734,                0.58619,                0.50949,                0.50591,                0.24804,                 2.3197,                 1.6119,                 1.2271,             0.00030096,             0.00030096,             0.00030096
                    141,                 1.6782,                0.99992,                0.97906,                0.60848,                0.48343,                 0.4939,                 0.2438,                 2.3525,                 1.7075,                 1.2429,             0.00029913,             0.00029913,             0.00029913
                    142,                 1.6845,                 1.0084,                0.97006,                 0.6427,                0.49383,                0.48941,                0.24244,                 2.3537,                 1.6651,                 1.2568,             0.00029729,             0.00029729,             0.00029729
                    143,                  1.687,                 1.0224,                0.97113,                0.63124,                0.49144,                0.50273,                0.25337,                 2.3401,                 1.6943,                 1.2469,             0.00029546,             0.00029546,             0.00029546
                    144,                 1.6733,                  1.002,                0.97463,                0.57989,                0.52624,                0.47974,                0.24681,                 2.3741,                 1.7502,                 1.2483,             0.00029362,             0.00029362,             0.00029362
                    145,                 1.6748,                0.99526,                0.97321,                0.62344,                0.51021,                0.50557,                0.25179,                 2.3443,                 1.6477,                 1.2404,             0.00029179,             0.00029179,             0.00029179
                    146,                 1.6794,                0.98474,                0.98272,                0.60797,                0.52174,                0.48802,                0.23605,                 2.3499,                 1.7103,                 1.2261,             0.00028995,             0.00028995,             0.00028995
                    147,                 1.6602,                0.99532,                0.97622,                 0.4878,                0.49565,                0.49114,                0.23514,                 2.3797,                 1.7078,                 1.2491,             0.00028812,             0.00028812,             0.00028812
                    148,                 1.6603,                0.98994,                0.97206,                0.47022,                0.49543,                0.48713,                0.23492,                 2.3702,                 1.6927,                 1.2598,             0.00028628,             0.00028628,             0.00028628
                    149,                 1.6551,                0.97583,                0.96526,                0.51504,                0.48447,                0.48922,                0.23744,                 2.3496,                  1.721,                 1.2471,             0.00028445,             0.00028445,             0.00028445
                    150,                 1.6887,                0.99313,                0.97134,                0.45208,                0.53587,                0.51025,                0.25082,                 2.3329,                 1.7132,                 1.2284,             0.00028261,             0.00028261,             0.00028261
                    151,                 1.6606,                0.98872,                0.97241,                0.60058,                0.50122,                0.50218,                0.24679,                  2.307,                 1.6906,                 1.2148,             0.00028078,             0.00028078,             0.00028078
                    152,                 1.6568,                 1.0003,                0.97043,                0.58932,                0.48143,                 0.4869,                0.25366,                  2.289,                 1.7355,                 1.2208,             0.00027895,             0.00027895,             0.00027895
                    153,                 1.6462,                0.98408,                 0.9636,                 0.5999,                0.49519,                  0.493,                0.23567,                 2.3429,                 1.6781,                 1.2405,             0.00027711,             0.00027711,             0.00027711
                    154,                 1.6615,                0.99653,                0.96056,                0.57688,                0.50558,                0.49612,                0.23978,                 2.3656,                 1.7009,                 1.2584,             0.00027528,             0.00027528,             0.00027528
                    155,                 1.6746,                  0.974,                0.96648,                0.62046,                0.47068,                0.47722,                0.23486,                 2.3588,                 1.7594,                 1.2612,             0.00027344,             0.00027344,             0.00027344
                    156,                  1.656,                0.96895,                0.96175,                0.58297,                0.48157,                0.47332,                0.22998,                 2.3429,                  1.742,                 1.2497,             0.00027161,             0.00027161,             0.00027161
                    157,                 1.6438,                0.95969,                0.96631,                0.61755,                0.46866,                0.49167,                0.24696,                   2.37,                 1.7662,                 1.2495,             0.00026977,             0.00026977,             0.00026977
                    158,                 1.6831,                 1.0007,                0.96419,                0.60174,                0.48504,                0.49168,                0.24122,                  2.322,                 1.7276,                 1.2367,             0.00026794,             0.00026794,             0.00026794
                    159,                 1.6252,                 0.9725,                0.96043,                0.61391,                0.48961,                0.48176,                0.23245,                 2.3556,                 1.7076,                 1.2356,              0.0002661,              0.0002661,              0.0002661
                    160,                 1.6109,                0.95168,                0.96167,                0.52665,                0.49184,                0.49985,                0.24381,                 2.3501,                 1.6924,                 1.2348,             0.00026427,             0.00026427,             0.00026427
                    161,                  1.657,                0.96184,                0.96813,                0.51608,                0.49668,                 0.4913,                0.24403,                 2.3146,                 1.7643,                 1.2219,             0.00026243,             0.00026243,             0.00026243
                    162,                 1.6178,                0.96641,                0.95863,                0.61898,                0.52462,                0.50401,                 0.2498,                 2.3586,                 1.7295,                 1.2349,              0.0002606,              0.0002606,              0.0002606
                    163,                 1.6511,                0.95779,                  0.962,                0.61097,                0.50117,                 0.4885,                0.24521,                  2.381,                  1.733,                 1.2505,             0.00025876,             0.00025876,             0.00025876
                    164,                 1.6088,                0.93576,                0.95769,                0.60491,                0.47552,                0.48887,                0.24157,                 2.3845,                 1.7649,                 1.2648,             0.00025693,             0.00025693,             0.00025693
                    165,                 1.6011,                0.94808,                0.96462,                0.61953,                0.50334,                0.49833,                0.24683,                 2.3566,                 1.7207,                 1.2519,             0.00025509,             0.00025509,             0.00025509
                    166,                 1.6085,                0.93794,                0.96684,                0.57893,                0.50529,                0.50529,                0.24521,                 2.3966,                 1.8331,                  1.239,             0.00025326,             0.00025326,             0.00025326
                    167,                 1.6068,                0.95366,                 0.9609,                0.65532,                0.45342,                0.48342,                 0.2364,                 2.3598,                 1.7973,                 1.2433,             0.00025142,             0.00025142,             0.00025142
                    168,                 1.6025,                0.93706,                0.95854,                0.63878,                0.47299,                0.48038,                0.24373,                 2.3307,                 1.8287,                 1.2384,             0.00024959,             0.00024959,             0.00024959
                    169,                  1.574,                0.92667,                0.95897,                0.59263,                0.51377,                0.49253,                0.23754,                 2.3287,                 1.6992,                  1.251,             0.00024775,             0.00024775,             0.00024775
                    170,                 1.6374,                0.96055,                0.95681,                0.64149,                0.46324,                0.48542,                0.24327,                 2.3419,                 1.7316,                 1.2441,             0.00024592,             0.00024592,             0.00024592
                    171,                 1.6013,                0.93624,                0.95416,                0.66215,                 0.4721,                0.49044,                0.25063,                 2.3546,                 1.6828,                 1.2553,             0.00024408,             0.00024408,             0.00024408
                    172,                 1.5988,                0.93933,                0.95797,                0.61368,                0.46917,                0.47324,                0.24529,                 2.3393,                  1.736,                 1.2232,             0.00024225,             0.00024225,             0.00024225
                    173,                 1.5952,                0.93217,                  0.945,                0.61576,                 0.4905,                0.47647,                0.24542,                 2.4146,                 1.6968,                 1.2777,             0.00024041,             0.00024041,             0.00024041
                    174,                 1.6027,                0.93363,                0.95409,                0.61835,                0.49497,                0.49121,                0.24701,                  2.331,                 1.7156,                 1.2351,             0.00023858,             0.00023858,             0.00023858
                    175,                 1.6292,                0.94822,                0.95946,                0.61095,                0.50825,                0.49912,                0.25484,                 2.3116,                 1.6604,                 1.2258,             0.00023674,             0.00023674,             0.00023674
                    176,                 1.5942,                 0.9235,                0.95326,                0.61477,                0.49064,                0.49736,                0.25336,                 2.3155,                 1.6938,                 1.2256,             0.00023491,             0.00023491,             0.00023491
                    177,                 1.5883,                0.91441,                0.95287,                0.59451,                0.49173,                0.49739,                0.25447,                 2.3243,                 1.6713,                 1.2435,             0.00023308,             0.00023308,             0.00023308
                    178,                  1.594,                0.92168,                0.95146,                0.56273,                0.50945,                0.51613,                0.25764,                 2.3138,                 1.7446,                 1.2218,             0.00023124,             0.00023124,             0.00023124
                    179,                 1.6001,                0.92817,                 0.9488,                0.61899,                0.48668,                0.48584,                 0.2418,                 2.3535,                  1.716,                 1.2467,             0.00022941,             0.00022941,             0.00022941
                    180,                 1.5616,                0.91571,                0.94927,                0.59431,                0.50762,                0.52364,                 0.2473,                 2.3567,                 1.7384,                 1.2438,             0.00022757,             0.00022757,             0.00022757
                    181,                 1.5893,                0.91845,                0.94944,                0.64891,                 0.4874,                 0.5016,                 0.2494,                 2.3828,                 1.7202,                 1.2589,             0.00022574,             0.00022574,             0.00022574
                    182,                 1.5954,                0.92345,                0.95437,                  0.604,                0.48862,                0.49707,                0.24845,                 2.4086,                 1.7835,                 1.2789,              0.0002239,              0.0002239,              0.0002239
                    183,                 1.5767,                0.91182,                0.94504,                0.56179,                0.53123,                0.48622,                0.24127,                 2.4108,                 1.7463,                 1.2787,             0.00022207,             0.00022207,             0.00022207
                    184,                 1.5422,                0.88595,                0.94723,                0.63678,                0.49765,                0.49596,                0.24583,                 2.3951,                 1.6806,                 1.2724,             0.00022023,             0.00022023,             0.00022023
                    185,                 1.5592,                 0.8996,                0.95262,                0.48189,                0.49712,                0.49764,                0.25366,                 2.3455,                 1.6706,                   1.25,              0.0002184,              0.0002184,              0.0002184
                    186,                  1.564,                    0.9,                0.94493,                0.60673,                0.50663,                0.51202,                0.25858,                 2.3522,                 1.6408,                 1.2397,             0.00021656,             0.00021656,             0.00021656
                    187,                  1.574,                0.92073,                0.94513,                0.46318,                0.52569,                0.50732,                0.24186,                 2.3489,                 1.7041,                 1.2412,             0.00021473,             0.00021473,             0.00021473
                    188,                 1.5702,                0.90536,                0.94934,                 0.5836,                 0.5299,                0.50405,                0.24697,                 2.3579,                 1.6907,                 1.2647,             0.00021289,             0.00021289,             0.00021289
                    189,                 1.5688,                0.91209,                0.94951,                0.62373,                0.45487,                0.49769,                 0.2458,                 2.3074,                 1.7942,                 1.2311,             0.00021106,             0.00021106,             0.00021106
                    190,                 1.5535,                0.89942,                0.93404,                0.57419,                0.51743,                0.49768,                0.24187,                 2.3144,                 1.8053,                 1.2253,             0.00020922,             0.00020922,             0.00020922
                    191,                 1.5387,                 0.8856,                0.93311,                 0.5894,                 0.5218,                  0.548,                0.24955,                 2.3489,                 1.7281,                 1.2392,             0.00020739,             0.00020739,             0.00020739
                    192,                 1.5427,                0.88216,                0.95085,                0.57889,                0.52994,                0.50955,                 0.2384,                 2.3451,                 1.7496,                 1.2368,             0.00020555,             0.00020555,             0.00020555
                    193,                 1.5787,                0.90025,                0.94372,                0.59549,                0.53434,                 0.5125,                0.24248,                 2.3569,                 1.7287,                 1.2474,             0.00020372,             0.00020372,             0.00020372
                    194,                 1.5364,                 0.8817,                0.94322,                0.64879,                0.48445,                0.48599,                 0.2461,                 2.3674,                 1.7252,                 1.2535,             0.00020188,             0.00020188,             0.00020188
                    195,                 1.5656,                0.90037,                0.94221,                0.57235,                0.53222,                0.49645,                0.24569,                 2.3423,                 1.7012,                 1.2393,             0.00020005,             0.00020005,             0.00020005
                    196,                 1.5528,                0.88646,                0.94427,                0.61841,                0.51184,                0.50607,                0.24673,                 2.3815,                 1.6762,                  1.269,             0.00019821,             0.00019821,             0.00019821
                    197,                 1.5341,                0.88693,                0.94117,                0.64311,                0.47743,                0.50836,                0.24254,                 2.3538,                 1.7077,                 1.2448,             0.00019638,             0.00019638,             0.00019638
                    198,                 1.4934,                0.85918,                0.93008,                0.61926,                0.50121,                0.49884,                0.23905,                 2.3732,                 1.7389,                 1.2381,             0.00019454,             0.00019454,             0.00019454
                    199,                  1.544,                0.88579,                0.93453,                0.57577,                0.52566,                   0.49,                0.24029,                 2.3732,                 1.7723,                 1.2476,             0.00019271,             0.00019271,             0.00019271
                    200,                 1.5244,                0.87779,                0.93767,                0.49793,                0.50385,                0.49431,                0.24833,                 2.3461,                 1.7722,                 1.2458,             0.00019087,             0.00019087,             0.00019087
                    201,                  1.502,                0.87254,                0.93693,                0.52714,                 0.5099,                 0.5054,                0.25308,                 2.3797,                 1.7695,                 1.2611,             0.00018904,             0.00018904,             0.00018904
                    202,                 1.4995,                0.86853,                0.93135,                0.60092,                0.51558,                 0.4899,                0.24682,                 2.3948,                 1.8094,                 1.2596,             0.00018721,             0.00018721,             0.00018721
                    203,                 1.5033,                0.86865,                0.93826,                0.63252,                0.47688,                0.48336,                0.24638,                 2.3748,                 1.8262,                 1.2639,             0.00018537,             0.00018537,             0.00018537
                    204,                 1.5268,                0.87788,                0.94476,                0.63198,                0.49666,                 0.4759,                0.23669,                 2.3564,                 1.8146,                 1.2486,             0.00018354,             0.00018354,             0.00018354
                    205,                 1.5149,                0.86826,                0.93458,                0.64546,                0.48786,                0.49606,                   0.24,                 2.3664,                 1.7725,                 1.2509,              0.0001817,              0.0001817,              0.0001817
                    206,                  1.498,                0.85923,                 0.9358,                0.62128,                0.49336,                0.50389,                0.24671,                 2.3332,                 1.8125,                 1.2456,             0.00017987,             0.00017987,             0.00017987
                    207,                 1.5351,                 0.8685,                0.93458,                0.53181,                0.57351,                0.53235,                0.24355,                 2.3239,                 1.7796,                  1.235,             0.00017803,             0.00017803,             0.00017803
                    208,                 1.5199,                0.86491,                0.93702,                0.61896,                0.52003,                  0.495,                0.24133,                 2.3967,                 1.7428,                 1.2753,              0.0001762,              0.0001762,              0.0001762
                    209,                  1.505,                0.85308,                0.92692,                0.62104,                0.49997,                0.50436,                0.24919,                 2.3665,                 1.7499,                 1.2582,             0.00017436,             0.00017436,             0.00017436
                    210,                 1.5158,                0.86249,                0.93322,                0.62154,                0.48944,                0.48988,                0.25083,                 2.3697,                 1.7699,                 1.2573,             0.00017253,             0.00017253,             0.00017253
                    211,                 1.5141,                0.85817,                0.92888,                  0.606,                0.49655,                0.47719,                0.24094,                 2.3787,                 1.8092,                  1.264,             0.00017069,             0.00017069,             0.00017069
                    212,                  1.491,                0.86156,                0.93566,                0.62264,                0.49252,                0.48813,                0.23264,                 2.3611,                 1.8739,                  1.241,             0.00016886,             0.00016886,             0.00016886
                    213,                 1.4783,                0.84608,                0.93181,                0.61678,                0.48092,                0.49062,                0.24637,                 2.3617,                 1.8342,                 1.2516,             0.00016702,             0.00016702,             0.00016702
                    214,                 1.4574,                0.82695,                0.92585,                0.61631,                0.49456,                0.47557,                 0.2455,                 2.4131,                 1.7869,                 1.2842,             0.00016519,             0.00016519,             0.00016519
                    215,                  1.465,                0.84395,                0.92809,                0.63667,                0.47006,                0.48796,                0.24408,                 2.3659,                 1.7419,                 1.2532,             0.00016335,             0.00016335,             0.00016335
                    216,                  1.484,                0.84644,                 0.9299,                0.49539,                0.50673,                0.48366,                0.23467,                 2.3791,                 1.7799,                 1.2634,             0.00016152,             0.00016152,             0.00016152
                    217,                 1.4911,                 0.8476,                 0.9344,                0.62758,                0.48236,                0.49478,                0.24255,                 2.3588,                 1.8109,                  1.258,             0.00015968,             0.00015968,             0.00015968
                    218,                  1.494,                0.84643,                0.93053,                0.64815,                0.47282,                0.50327,                0.24428,                  2.345,                 1.7641,                 1.2459,             0.00015785,             0.00015785,             0.00015785
                    219,                 1.4904,                0.85025,                0.92755,                0.60642,                0.48328,                0.49462,                0.24811,                 2.3379,                 1.8005,                 1.2498,             0.00015601,             0.00015601,             0.00015601
                    220,                  1.507,                0.85977,                0.93278,                0.59177,                  0.498,                0.49393,                 0.2464,                 2.3803,                 1.7492,                 1.2674,             0.00015418,             0.00015418,             0.00015418
                    221,                 1.4782,                0.83914,                0.92357,                 0.6281,                0.47833,                0.48521,                0.24226,                 2.3915,                 1.7113,                 1.2718,             0.00015234,             0.00015234,             0.00015234
                    222,                 1.4658,                0.84356,                0.92689,                0.48354,                0.52516,                0.50368,                0.25016,                  2.395,                  1.752,                 1.2733,             0.00015051,             0.00015051,             0.00015051
                    223,                 1.4868,                0.85018,                0.92781,                0.48732,                0.50252,                0.51427,                0.25626,                 2.3908,                 1.7393,                 1.2693,             0.00014867,             0.00014867,             0.00014867
                    224,                 1.4778,                0.83554,                0.92557,                0.62046,                0.49134,                0.49974,                0.25204,                 2.3952,                 1.7769,                   1.27,             0.00014684,             0.00014684,             0.00014684
                    225,                 1.4769,                0.83473,                0.92825,                0.50856,                0.49152,                0.50231,                0.24831,                 2.3796,                 1.7376,                 1.2642,               0.000145,               0.000145,               0.000145
                    226,                  1.464,                 0.8337,                0.92646,                0.51074,                0.48706,                0.49796,                0.24419,                 2.4019,                 1.7107,                 1.2679,             0.00014317,             0.00014317,             0.00014317
                    227,                 1.4877,                0.84514,                0.92114,                0.48897,                0.52668,                0.50619,                0.24652,                 2.3644,                 1.6891,                 1.2585,             0.00014134,             0.00014134,             0.00014134
                    228,                   1.47,                0.83581,                0.92594,                  0.492,                0.52426,                0.50538,                0.24048,                 2.3822,                 1.6993,                 1.2697,              0.0001395,              0.0001395,              0.0001395
                    229,                 1.4684,                0.84062,                0.92403,                0.57805,                0.51902,                0.50365,                0.24559,                 2.3755,                 1.7445,                 1.2637,             0.00013767,             0.00013767,             0.00013767
                    230,                 1.4946,                 0.8466,                0.92618,                0.58872,                 0.5334,                0.50362,                0.24268,                 2.3895,                 1.7276,                 1.2691,             0.00013583,             0.00013583,             0.00013583
                    231,                 1.4593,                0.82604,                 0.9272,                0.58299,                0.54195,                0.52112,                0.24826,                 2.3703,                 1.7046,                 1.2583,               0.000134,               0.000134,               0.000134
                    232,                 1.4706,                0.83318,                0.92683,                0.61379,                0.52394,                0.50679,                 0.2478,                 2.3685,                 1.7138,                 1.2677,             0.00013216,             0.00013216,             0.00013216
                    233,                 1.4546,                 0.8138,                0.91544,                0.63067,                0.49926,                0.50615,                 0.2431,                 2.3772,                 1.7336,                 1.2714,             0.00013033,             0.00013033,             0.00013033
                    234,                 1.4739,                0.82906,                0.92356,                0.59531,                 0.5191,                0.50433,                0.24335,                 2.3722,                 1.7731,                  1.254,             0.00012849,             0.00012849,             0.00012849
                    235,                 1.4538,                0.82381,                0.92384,                0.48665,                0.52718,                0.51414,                0.24923,                 2.3619,                 1.7338,                 1.2595,             0.00012666,             0.00012666,             0.00012666
                    236,                 1.4401,                0.81439,                0.91936,                0.60351,                0.49425,                0.49699,                0.24419,                 2.3643,                 1.7666,                 1.2716,             0.00012482,             0.00012482,             0.00012482
                    237,                 1.4429,                0.80744,                0.92361,                0.61121,                0.49436,                0.49663,                0.24561,                 2.3853,                 1.8542,                  1.285,             0.00012299,             0.00012299,             0.00012299
                    238,                 1.4736,                0.83263,                0.91875,                   0.58,                0.50057,                0.49845,                0.24099,                 2.4259,                 1.8034,                 1.3078,             0.00012115,             0.00012115,             0.00012115
                    239,                 1.4583,                 0.8174,                0.91217,                0.61873,                 0.4894,                0.50755,                0.24406,                 2.3837,                 1.7732,                 1.2933,             0.00011932,             0.00011932,             0.00011932
                    240,                 1.4542,                0.83439,                 0.9179,                0.61241,                 0.5096,                0.50687,                 0.2467,                 2.3338,                 1.8017,                 1.2554,             0.00011748,             0.00011748,             0.00011748
                    241,                 1.4431,                0.82262,                0.91911,                0.58439,                 0.4951,                0.50509,                0.24903,                  2.328,                 1.7563,                 1.2631,             0.00011565,             0.00011565,             0.00011565
                    242,                 1.4367,                0.81756,                0.91475,                0.60264,                0.51213,                0.50589,                 0.2484,                 2.3359,                 1.7574,                 1.2577,             0.00011381,             0.00011381,             0.00011381
                    243,                 1.4356,                0.81604,                0.92105,                0.59581,                0.51678,                0.51656,                0.25145,                 2.3284,                 1.7796,                 1.2389,             0.00011198,             0.00011198,             0.00011198
                    244,                 1.4282,                0.81026,                0.91733,                0.58881,                0.51311,                0.49854,                0.24343,                 2.3241,                 1.7832,                 1.2361,             0.00011014,             0.00011014,             0.00011014
                    245,                 1.4443,                0.81943,                0.91872,                0.63422,                0.49534,                0.50051,                 0.2458,                 2.3602,                 1.7525,                 1.2456,             0.00010831,             0.00010831,             0.00010831
                    246,                 1.4342,                0.80711,                0.91523,                0.58483,                0.52412,                 0.5019,                0.24927,                 2.3532,                 1.7432,                 1.2437,             0.00010647,             0.00010647,             0.00010647
                    247,                 1.4489,                0.81255,                0.91467,                0.58936,                0.54499,                0.50896,                0.25347,                 2.3631,                 1.7143,                 1.2629,             0.00010464,             0.00010464,             0.00010464
                    248,                 1.4153,                0.78786,                0.91425,                0.58983,                0.52693,                0.51786,                0.25411,                 2.3545,                 1.7565,                 1.2586,              0.0001028,              0.0001028,              0.0001028
                    249,                 1.4328,                0.81144,                0.91808,                0.59794,                0.53684,                0.52267,                0.25963,                 2.3793,                 1.7464,                 1.2849,             0.00010097,             0.00010097,             0.00010097
                    250,                 1.4282,                0.79853,                 0.9144,                0.59011,                0.53903,                0.52008,                0.25594,                  2.391,                 1.7264,                 1.2871,             9.9135e-05,             9.9135e-05,             9.9135e-05
                    251,                 1.4233,                0.80742,                0.91216,                0.59853,                0.52366,                0.51766,                0.25271,                  2.367,                 1.7058,                 1.2696,               9.73e-05,               9.73e-05,               9.73e-05
                    252,                 1.3998,                0.79589,                0.91535,                0.58224,                0.53204,                0.51982,                0.25556,                 2.3579,                 1.7012,                 1.2571,             9.5465e-05,             9.5465e-05,             9.5465e-05
                    253,                 1.4244,                0.79848,                0.92035,                0.60151,                0.51413,                0.51552,                0.25632,                 2.3646,                 1.7241,                 1.2594,              9.363e-05,              9.363e-05,              9.363e-05
                    254,                 1.4191,                0.79745,                0.92138,                0.59002,                0.52965,                 0.5121,                0.25156,                 2.3576,                 1.7643,                 1.2469,             9.1796e-05,             9.1796e-05,             9.1796e-05
                    255,                 1.4318,                0.79529,                0.91381,                 0.5954,                0.51802,                0.51124,                0.24722,                 2.3584,                 1.7405,                 1.2571,             8.9961e-05,             8.9961e-05,             8.9961e-05
                    256,                 1.4204,                0.79657,                0.91556,                0.59412,                0.52349,                0.51332,                0.25521,                 2.3479,                 1.7472,                 1.2469,             8.8126e-05,             8.8126e-05,             8.8126e-05
                    257,                 1.4081,                0.80041,                0.91264,                0.49339,                0.52605,                0.52287,                0.25773,                 2.3835,                 1.7211,                 1.2733,             8.6291e-05,             8.6291e-05,             8.6291e-05
                    258,                 1.3837,                0.79066,                0.90751,                0.60819,                0.49604,                0.52025,                0.25038,                 2.3933,                 1.7438,                 1.2674,             8.4456e-05,             8.4456e-05,             8.4456e-05
                    259,                 1.3969,                0.78719,                0.91232,                0.59675,                 0.5169,                0.51545,                0.25186,                 2.3696,                 1.7977,                 1.2658,             8.2622e-05,             8.2622e-05,             8.2622e-05
                    260,                 1.4194,                0.79804,                0.91292,                0.56351,                0.54054,                0.50618,                0.24559,                 2.3661,                 1.7904,                 1.2654,             8.0787e-05,             8.0787e-05,             8.0787e-05
                    261,                 1.4119,                0.79633,                0.91411,                0.58631,                0.52994,                0.51771,                0.24902,                 2.3767,                 1.7961,                 1.2791,             7.8952e-05,             7.8952e-05,             7.8952e-05
                    262,                 1.3679,                0.77326,                0.91092,                0.59518,                0.53862,                0.51568,                0.24834,                 2.3608,                 1.7949,                 1.2544,             7.7117e-05,             7.7117e-05,             7.7117e-05
                    263,                  1.409,                0.78797,                0.90672,                0.60495,                0.52178,                0.51556,                0.25292,                 2.3633,                 1.7617,                  1.253,             7.5282e-05,             7.5282e-05,             7.5282e-05
                    264,                 1.3721,                0.77745,                0.90669,                0.49323,                0.51397,                0.50976,                0.25227,                 2.3708,                 1.7786,                 1.2621,             7.3448e-05,             7.3448e-05,             7.3448e-05
                    265,                 1.3918,                0.78534,                0.90331,                0.48618,                0.54102,                0.51251,                0.25409,                 2.3801,                 1.7903,                 1.2659,             7.1613e-05,             7.1613e-05,             7.1613e-05
                    266,                 1.4003,                0.77978,                0.90921,                0.59473,                0.53877,                0.51627,                0.25568,                 2.3495,                 1.7663,                  1.255,             6.9778e-05,             6.9778e-05,             6.9778e-05
                    267,                 1.4117,                0.79055,                0.90837,                0.60127,                0.53599,                0.51749,                  0.254,                 2.3489,                 1.7554,                 1.2518,             6.7943e-05,             6.7943e-05,             6.7943e-05
                    268,                 1.3813,                0.78181,                0.91474,                0.58167,                0.54222,                0.50611,                0.24919,                 2.3411,                   1.78,                 1.2485,             6.6108e-05,             6.6108e-05,             6.6108e-05
                    269,                 1.4077,                0.79472,                0.90697,                0.58872,                0.52211,                0.50657,                0.24917,                 2.3566,                 1.7944,                 1.2488,             6.4274e-05,             6.4274e-05,             6.4274e-05
                    270,                 1.3908,                0.78019,                0.91028,                0.58757,                0.52757,                0.51169,                0.25513,                 2.3422,                  1.775,                 1.2505,             6.2439e-05,             6.2439e-05,             6.2439e-05
                    271,                 1.3966,                0.78701,                0.90884,                0.64805,                0.47283,                0.50807,                0.25152,                 2.3558,                 1.8104,                 1.2577,             6.0604e-05,             6.0604e-05,             6.0604e-05
                    272,                 1.3528,                0.77537,                0.90481,                0.56851,                0.53333,                0.50936,                0.25208,                 2.3751,                 1.8001,                 1.2575,             5.8769e-05,             5.8769e-05,             5.8769e-05
                    273,                 1.3982,                 0.7837,                0.90555,                0.56877,                0.54058,                0.50498,                0.24903,                 2.3777,                 1.8077,                 1.2586,             5.6934e-05,             5.6934e-05,             5.6934e-05
                    274,                 1.3818,                0.77927,                0.91654,                0.61238,                 0.5049,                0.51181,                0.25255,                 2.3553,                 1.7848,                 1.2478,               5.51e-05,               5.51e-05,               5.51e-05
                    275,                 1.3601,                0.76141,                0.90498,                0.60111,                0.52704,                0.52062,                  0.258,                 2.3489,                 1.7532,                 1.2465,             5.3265e-05,             5.3265e-05,             5.3265e-05
                    276,                 1.3455,                0.75983,                0.90098,                0.59035,                0.53313,                 0.5188,                0.25288,                 2.3367,                 1.7483,                 1.2441,              5.143e-05,              5.143e-05,              5.143e-05
                    277,                 1.3782,                0.77591,                0.90153,                0.61569,                0.50449,                0.51786,                0.25698,                 2.3452,                 1.7464,                 1.2463,             4.9595e-05,             4.9595e-05,             4.9595e-05
                    278,                 1.3714,                0.76989,                 0.9056,                0.61102,                 0.5125,                 0.5113,                0.25113,                 2.3634,                 1.7625,                 1.2553,              4.776e-05,              4.776e-05,              4.776e-05
                    279,                 1.3644,                0.76883,                0.90072,                0.48594,                 0.5286,                0.50967,                0.25744,                 2.3456,                    1.8,                 1.2446,             4.5926e-05,             4.5926e-05,             4.5926e-05
                    280,                 1.3753,                0.77365,                0.90535,                0.49052,                0.52945,                0.51586,                0.25835,                 2.3534,                 1.7822,                 1.2468,             4.4091e-05,             4.4091e-05,             4.4091e-05
                    281,                 1.3617,                0.76381,                0.90453,                0.49508,                 0.5374,                0.52144,                0.25669,                 2.3534,                 1.7873,                 1.2485,             4.2256e-05,             4.2256e-05,             4.2256e-05
                    282,                 1.3741,                0.77459,                0.90428,                 0.6001,                0.52568,                0.51788,                0.25757,                 2.3673,                  1.804,                 1.2565,             4.0421e-05,             4.0421e-05,             4.0421e-05
                    283,                  1.387,                0.78101,                0.90593,                0.58248,                0.53926,                0.51566,                0.25844,                 2.3516,                 1.7941,                 1.2516,             3.8586e-05,             3.8586e-05,             3.8586e-05
                    284,                 1.3505,                0.76291,                0.90113,                0.57275,                0.53863,                 0.5147,                0.25805,                 2.3449,                  1.768,                 1.2507,             3.6752e-05,             3.6752e-05,             3.6752e-05
                    285,                 1.3802,                0.77718,                0.90559,                0.47741,                0.53354,                0.51645,                0.25644,                 2.3526,                 1.7766,                 1.2529,             3.4917e-05,             3.4917e-05,             3.4917e-05
                    286,                 1.3668,                0.77051,                0.90982,                0.49556,                0.53229,                0.51723,                0.25453,                 2.3572,                  1.778,                 1.2544,             3.3082e-05,             3.3082e-05,             3.3082e-05
                    287,                 1.3579,                0.76259,                0.90051,                0.48673,                0.52482,                0.51253,                0.25895,                 2.3586,                 1.7903,                 1.2576,             3.1247e-05,             3.1247e-05,             3.1247e-05
                    288,                  1.403,                0.78587,                0.90266,                0.48154,                0.52321,                0.51121,                0.25191,                 2.3518,                 1.7935,                  1.252,             2.9412e-05,             2.9412e-05,             2.9412e-05
                    289,                 1.3788,                0.77658,                0.90404,                0.47844,                0.53545,                0.51128,                 0.2541,                 2.3538,                 1.7801,                 1.2515,             2.7578e-05,             2.7578e-05,             2.7578e-05
                    290,                 1.3595,                0.76482,                0.89938,                0.46583,                0.54633,                0.51421,                0.25463,                 2.3473,                 1.7838,                 1.2494,             2.5743e-05,             2.5743e-05,             2.5743e-05
                    291,                 1.4389,                0.80694,                0.92548,                0.51086,                 0.5211,                0.50939,                0.25628,                 2.3582,                 1.7775,                  1.258,             2.3908e-05,             2.3908e-05,             2.3908e-05
                    292,                 1.3962,                 0.7811,                0.91425,                 0.6398,                0.49236,                0.50323,                0.25067,                 2.3829,                 1.7669,                 1.2697,             2.2073e-05,             2.2073e-05,             2.2073e-05
                    293,                 1.4038,                0.77442,                0.90807,                0.64735,                0.48781,                0.49733,                0.24698,                 2.3683,                 1.7706,                 1.2696,             2.0238e-05,             2.0238e-05,             2.0238e-05
                    294,                 1.3712,                0.75956,                0.90948,                0.61998,                0.50856,                0.50339,                0.24748,                 2.3745,                 1.7634,                 1.2708,             1.8404e-05,             1.8404e-05,             1.8404e-05
                    295,                 1.3398,                0.74886,                0.89798,                 0.5167,                0.51447,                0.50371,                 0.2458,                 2.3728,                 1.7662,                 1.2659,             1.6569e-05,             1.6569e-05,             1.6569e-05
                    296,                 1.3711,                0.76464,                0.90342,                  0.619,                0.52021,                0.50426,                0.24579,                 2.3661,                 1.7747,                 1.2667,             1.4734e-05,             1.4734e-05,             1.4734e-05
                    297,                 1.3432,                 0.7415,                0.90779,                0.60627,                0.50876,                0.50127,                0.24715,                 2.3717,                 1.7721,                 1.2664,             1.2899e-05,             1.2899e-05,             1.2899e-05
                    298,                  1.352,                0.74677,                0.90164,                0.49478,                0.52478,                0.50523,                0.24756,                 2.3628,                 1.7637,                 1.2568,             1.1064e-05,             1.1064e-05,             1.1064e-05
                    299,                  1.329,                0.72822,                 0.9013,                0.49045,                0.52555,                0.50493,                0.24802,                 2.3697,                 1.7627,                 1.2607,             9.2296e-06,             9.2296e-06,             9.2296e-06
                    300,                 1.3294,                0.73995,                0.89428,                0.49437,                0.52164,                0.50655,                0.24914,                 2.3772,                 1.7629,                 1.2644,             7.3948e-06,             7.3948e-06,             7.3948e-06
